[{"name":"Данил","surname":"Надеин","lastname":"Валерьевич","birthday":"2000-01-23T00:00:00.000Z","studyStart":"2018","faculty":"МО","id":"1719170024740","updatedAt":"2024-06-23T19:13:44.740Z","createdAt":"2024-06-23T19:13:44.740Z"},{"name":"Иван","surname":"Иванов","lastname":"Иванович","birthday":"2000-01-20T00:00:00.000Z","studyStart":"2018","faculty":"РТФ","id":"1719325237648","updatedAt":"2024-06-25T14:20:37.648Z","createdAt":"2024-06-25T14:20:37.648Z"},{"name":"Сергей","surname":"Сергеев","lastname":"Сергеевич","birthday":"2003-02-20T00:00:00.000Z","studyStart":"2021","faculty":"ФТИ","id":"1719325469699","updatedAt":"2024-06-25T14:24:29.699Z","createdAt":"2024-06-25T14:24:29.699Z"},{"name":"Петр","surname":"Петров","lastname":"Петрович","birthday":"2001-04-23T00:00:00.000Z","studyStart":"2019","faculty":"МО","id":"1719343197478","updatedAt":"2024-06-25T19:19:57.478Z","createdAt":"2024-06-25T19:19:57.478Z"},{"name":"Данил","surname":"Надеин","lastname":"Валерьевич","birthday":"2001-07-22T20:00:00.000Z","studyStart":"2019","faculty":"МО","id":"1719343629875","updatedAt":"2024-06-25T19:27:09.875Z","createdAt":"2024-06-25T19:27:09.875Z"}]